"Reference","Value","Datasheet","Footprint","Qty","LCSC","MPN"
"C1","100n","","Capacitor_SMD:C_0402_1005Metric","","",""
"D1","LED","","LED_SMD:LED_0603_1608Metric","","C264473",""
"J1,J2","I2C","https://datasheet.lcsc.com/lcsc/1811151533_JST-Sales-America-SM04B-SRSS-TB-LF-SN_C160404.pdf","custom:1X04_1MM_RA_GND","","C160404",""
"JP1","A2","","Jumper:SolderJumper-2_P1.3mm_Open_TrianglePad1.0x1.5mm","","-",""
"JP2","A1","","Jumper:SolderJumper-2_P1.3mm_Open_TrianglePad1.0x1.5mm","","-",""
"JP3","A0","","Jumper:SolderJumper-2_P1.3mm_Open_TrianglePad1.0x1.5mm","","-",""
"N1","Artwork","","artwork:artwork","","-",""
"N2","Stamp","","artwork:stamp","","-",""
"R1","270","","Resistor_SMD:R_0402_1005Metric","","C22966",""
"TP1","3.3v","","TestPoint:TestPoint_Pad_D2.0mm","","-",""
"TP2","SWIO","","TestPoint:TestPoint_Pad_D2.0mm","","-",""
"TP3","GND","","TestPoint:TestPoint_Pad_D2.0mm","","-",""
"TP4,TP5,TP6,TP7,TP8,TP9,TP10","","","-- mixed values --","","-",""
"TP11","14","","TestPoint:TestPoint_Pad_D2.0mm","","-",""
"U1","CH32V003F4U6","","Package_DFN_QFN:QFN-20-1EP_3x3mm_P0.4mm_EP1.65x1.65mm","","C5299908",""
"X1","Simple_Addon_v2","","Simple_Addon_v2:Simple_Addon_v2-BADGE-2x3","","-",""
